id,ts,category
1,2023-10-09 05:10:55,Beauty Salons
3,2023-10-09 05:17:38,Cosmetologists
4,2023-10-09 05:17:38,Day Spas
5,2023-10-09 05:17:38,Hair Removal
6,2023-10-09 05:17:38,Hair Stylists
7,2023-10-09 05:17:38,Nail Salons
8,2023-10-09 05:17:51,Hair Supplies & Accessories
9,2023-10-09 05:17:51,Barbers
11,2023-10-09 05:17:51,Beauty Supplies & Equipment
12,2023-10-09 05:17:51,Hair Replacement
13,2023-10-09 05:17:51,Wigs & Hair Pieces
20,2023-10-09 05:18:10,Permanent Make-Up
22,2023-10-09 05:18:10,Cosmetic Services
23,2023-10-09 05:18:10,Electrolysis
26,2023-10-09 05:18:10,Lasers
27,2023-10-09 05:18:10,Wax
30,2023-10-09 05:18:33,Comedy Clubs
31,2023-10-09 05:18:33,Entertainment Agencies & Bureaus
34,2023-10-09 05:19:18,Beauty Salon Equipment & Supplies
36,2023-10-09 05:19:18,Cosmetics & Perfumes
40,2023-10-09 05:19:36,Skin Care
47,2023-10-09 05:19:51,Wedding Supplies & Services
48,2023-10-09 05:19:51,Tattoos
50,2023-10-09 05:19:51,Body Piercing
69,2023-10-09 05:20:11,Health Resorts
70,2023-10-09 05:20:11,Massage Services
71,2023-10-09 05:20:11,Massage Therapists
75,2023-10-09 05:20:11,Tanning Salons
83,2023-10-09 05:20:20,Boutique Items
88,2023-10-09 05:20:29,Hair Braiding
92,2023-10-09 05:20:29,Hair Weaving
153,2023-10-09 05:24:22,Make-Up Artists
189,2023-10-09 05:26:06,Aromatherapy
276,2023-10-09 05:27:54,Beauty Salons-Equipment & Supplies-Wholesale & Manufacturers
361,2023-10-09 05:29:53,Beauty Schools
374,2023-10-09 05:29:58,Health & Wellness Products
387,2023-10-09 05:30:10,Nutritionists
448,2023-10-09 05:30:31,Medical Clinics
500,2023-10-09 05:31:29,Places Of Interest
639,2023-10-09 05:33:44,Dentists
773,2023-10-09 05:40:44,Tanning Salons-Equipment & Supplies
799,2023-10-09 05:41:12,Physical Therapists
944,2023-10-09 05:44:24,Health & Fitness Program Consultants
956,2023-10-09 05:44:37,Medical Spas
957,2023-10-09 05:44:37,Physicians & Surgeons
1264,2023-10-09 05:52:55,Personal Fitness Trainers
1482,2023-10-09 06:01:11,Teeth Whitening Products & Services
1643,2023-10-09 06:02:44,"Physicians & Surgeons, Plastic & Reconstructive"
1920,2023-10-09 06:04:53,Body Wrap Salons
1932,2023-10-09 06:04:55,Weight Control Services
2203,2023-10-09 06:07:43,Scalp Care
2500,2023-10-09 06:11:58,Clinics
2587,2023-10-09 06:13:39,Department Stores
2591,2023-10-09 06:13:39,Clothing Stores
2594,2023-10-09 06:13:39,General Merchandise
2597,2023-10-09 06:13:39,Interior Designers & Decorators
2598,2023-10-09 06:13:39,Jewelers
2599,2023-10-09 06:13:39,Men's Clothing
2600,2023-10-09 06:13:39,Portrait Photographers
2601,2023-10-09 06:13:39,Shoe Stores
2602,2023-10-09 06:13:39,Women's Clothing
2670,2023-10-09 06:14:18,Hat Shops
2699,2023-10-09 06:14:35,Chair Rental
2740,2023-10-09 06:14:58,Color Consultants
2742,2023-10-09 06:14:58,Home Improvements
2743,2023-10-09 06:14:58,Home Repair & Maintenance
3735,2023-10-09 06:29:05,Caterers
3751,2023-10-09 06:29:11,"Physicians & Surgeons, Cosmetic Surgery"
4083,2023-10-09 06:32:25,Barber Schools
5006,2023-10-09 06:55:13,Massage Schools
5099,2023-10-09 06:59:08,Gift Shops
5215,2023-10-09 07:03:43,Bars
5217,2023-10-09 07:03:43,Fashion Designers
5219,2023-10-09 07:03:43,Wedding Planning & Consultants
5231,2023-10-09 07:03:59,Wedding Photography & Videography
5301,2023-10-09 07:05:26,Fashion Consultants
5617,2023-10-09 07:16:01,Schools
6947,2023-10-09 07:44:51,Personal Image Consultants
7197,2023-10-09 07:48:51,Spas & Hot Tubs
7386,2023-10-09 07:55:37,Barbers Equipment & Supplies
7864,2023-10-09 08:01:58,Fine Art Artists
7867,2023-10-09 08:01:58,Business & Vocational Schools
8418,2023-10-09 08:11:34,Online & Mail Order Shopping
8805,2023-10-09 08:17:19,Exercise & Physical Fitness Programs
9246,2023-10-09 08:23:29,Women's Fashion Accessories
9700,2023-10-09 08:37:49,Real Estate Agents
9906,2023-10-09 08:42:45,Seafood Restaurants
10077,2023-10-09 08:45:09,Photography & Videography
14937,2023-10-09 11:04:27,Educational Services
14939,2023-10-09 11:04:27,Day Care Centers & Nurseries
14941,2023-10-09 11:04:27,Preschools & Kindergarten
15841,2023-10-09 11:20:39,Pizza
16404,2023-10-09 11:29:25,Colors & Pigments
19551,2023-10-09 13:05:06,Medical Service Organizations
19714,2023-10-09 13:07:21,Restaurants
20625,2023-10-09 13:27:21,Party Planning
20626,2023-10-09 13:27:21,Banquet Halls & Reception Facilities
21961,2023-10-09 13:43:59,Children's Party Planning & Entertainment
23262,2023-10-09 14:13:32,Adult Education
23265,2023-10-09 14:13:32,"Industrial, Technical & Trade Schools"
23627,2023-10-09 14:19:55,Child Care
25165,2023-10-09 14:56:54,Beauty Salon Equipment Repair
28923,2023-10-09 16:25:53,Business & Vocational Management Schools
28925,2023-10-09 16:25:53,Colleges & Universities
29833,2023-10-09 16:44:40,Eyeglasses
30902,2023-10-09 17:12:14,Prosthetic Devices
31539,2023-10-09 17:19:32,Party & Event Planners
31747,2023-10-09 17:22:31,Personal Services & Assistants
34434,2023-10-09 18:08:16,Woodworking Equipment & Supplies
35101,2023-10-09 18:29:47,Wedding Supplies-Wholesale & Manufacturers
35479,2023-10-09 18:35:31,Pet Grooming
37607,2023-10-09 19:24:18,Sharpening Service
38824,2023-10-09 19:41:14,"Physicians & Surgeons, Podiatrists"
39584,2023-10-09 19:52:10,Shoe Shining
41072,2023-10-09 20:25:23,Essential Oils
41726,2023-10-09 20:35:14,Shopping Centers & Malls
41735,2023-10-09 20:35:20,Personal Shopping Service
41932,2023-10-09 20:39:42,Sports Clubs & Organizations
42586,2023-10-09 20:50:31,Weaving & Mending Service
43110,2023-10-09 21:12:04,"Art Galleries, Dealers & Consultants"
46715,2023-10-09 22:27:33,Hair Removing Equipment & Supplies
52372,2023-10-10 00:44:43,Vitamins & Food Supplements
52876,2023-10-10 00:52:27,Barbecue Restaurants
53162,2023-10-10 00:58:14,Weaving Equipment & Supplies
62090,2023-10-10 04:02:26,Notaries Public
69890,2023-10-10 06:47:23,Professional Organizations
73634,2023-10-10 08:22:28,Public Schools
76767,2023-10-10 09:14:28,African-American Goods
85490,2023-10-10 12:39:47,Construction Consultants
107724,2023-10-10 22:20:23,Alcoholism Information & Treatment Centers
107727,2023-10-10 22:20:23,Beer & Ale
108289,2023-10-10 22:36:09,Internet Marketing & Advertising
121699,2023-10-11 06:18:27,Senior Citizens Services & Organizations
122909,2023-10-11 07:06:54,Dry Cleaners & Laundries
124349,2023-10-11 07:38:35,Mobile Pet Grooming
126929,2023-10-11 08:31:58,Business & Trade Organizations
129011,2023-10-11 08:57:44,Tools
134026,2023-10-11 10:54:29,Candles
134029,2023-10-11 10:54:29,Home Furnishings
139430,2023-10-11 12:29:37,Apartments
140040,2023-10-11 12:37:18,Shears & Scissors
140859,2023-10-11 12:48:39,Spas & Hot Tubs-Repair & Service
152495,2023-10-11 16:26:35,Herbs
154560,2023-10-11 17:03:28,Business Management
158951,2023-10-11 18:44:13,Family & Business Entertainers
170056,2023-10-12 05:13:20,Toy Stores
199035,2023-10-12 18:03:40,Advertising Agencies
223640,2023-10-13 03:39:59,Laundromats
223643,2023-10-13 03:39:59,Tailors
233974,2023-10-13 08:24:15,Child Care Consultants
233977,2023-10-13 08:24:15,Elementary Schools
233980,2023-10-13 08:24:15,High Schools
243591,2023-10-13 12:42:43,Major Appliances
249182,2023-10-13 15:45:15,Wineries
266389,2023-10-14 03:16:06,Apprenticeship Training Programs
273446,2023-10-14 10:41:03,Hardware Stores
289490,2023-10-15 01:38:54,"Concrete Breaking, Cutting & Sawing"
290238,2023-10-15 01:56:34,Veterinary Clinics & Hospitals
295298,2023-10-15 05:34:11,Magazines
308545,2023-10-18 20:52:14,Science Museums
312928,2023-10-19 00:01:37,Electric Shavers
318430,2023-10-19 02:52:12,Photo Retouching & Restoration
325175,2023-10-19 07:08:47,Graphic Designers
372908,2023-10-21 19:12:51,License Services
373532,2023-10-21 20:03:06,Bar & Grills
381539,2023-10-22 07:09:56,Barbecue Equipment & Supplies-Wholesale & Manufacturers
415784,2023-10-24 11:42:11,Commercial Real Estate
430931,2023-10-24 23:45:12,Surfboards
431738,2023-10-25 00:16:33,Wireless Communication
444973,2023-10-25 07:28:26,Clipping Service
468018,2023-10-25 22:10:19,Blowers & Blower Systems
476714,2023-10-26 02:09:59,Organizing Services-Household & Business
483847,2023-10-26 08:37:32,Advertising-Promotional Products
493260,2023-10-26 20:05:27,Computer Software Publishers & Developers
